company_name,job_board_url,mission_category,discovery_source,ats_type,ats_slug,ats_region,careers_url
10a Labs,https://boards.greenhouse.io/10alabs,mission,mission_filter,greenhouse,10alabs,global,https://boards.greenhouse.io/10alabs
Access Now,https://jobs.ashbyhq.com/access,eu_mission_tech,eu_mission_tech,ashby,access,global,https://jobs.ashbyhq.com/access
Accesso Biotech Corporation,https://boards.greenhouse.io/accesso,global_health,gates,greenhouse,accesso,global,https://boards.greenhouse.io/accesso
Acumen,https://boards.greenhouse.io/acumen,mission,mission_filter,greenhouse,acumen,global,https://boards.greenhouse.io/acumen
Affinity Bridge,https://boards.greenhouse.io/affinity,bcorp,bcorp,greenhouse,affinity,global,https://boards.greenhouse.io/affinity
AI Safety Asia,https://jobs.lever.co/aisafety,mission,mission_filter,lever,aisafety,global,https://jobs.lever.co/aisafety
AlgorithmWatch,https://aw-algorithmwatch-ggmbh.jobs.personio.de/,eu_mission_tech,eu_mission_tech,personio,aw-algorithmwatch-ggmbh,global,https://aw-algorithmwatch-ggmbh.jobs.personio.de/
Aligned Law,https://boards.greenhouse.io/aligned,bcorp,bcorp,greenhouse,aligned,global,https://boards.greenhouse.io/aligned
"Amplitude Therapeutics, Inc.",https://boards.greenhouse.io/amplitude,global_health,gates,greenhouse,amplitude,global,https://boards.greenhouse.io/amplitude
Arcadia,https://jobs.lever.co/arcadia,xrisk,coefficient,lever,arcadia,global,https://jobs.lever.co/arcadia
Article 19,https://article19.jobs.personio.de/,eu_mission_tech,eu_mission_tech,personio,article19,global,https://article19.jobs.personio.de/
Ashoka,https://jobs.lever.co/ashoka,mission,mission_filter,lever,ashoka,global,https://jobs.lever.co/ashoka
Australia and New Zealand Recycling Platform,https://boards.greenhouse.io/australia,bcorp,bcorp,greenhouse,australia,global,https://boards.greenhouse.io/australia
Basecamp Research,https://jobs.ashbyhq.com/basecamp-research,eu_mission_tech,eu_mission_tech,ashby,basecamp-research,global,https://jobs.ashbyhq.com/basecamp-research
Bellroy,https://boards.greenhouse.io/bellroy,bcorp,bcorp,greenhouse,bellroy,global,https://boards.greenhouse.io/bellroy
Beyond Meat,https://boards.greenhouse.io/beyond,effective_altruism,ea_funds,greenhouse,beyond,global,https://boards.greenhouse.io/beyond
Block Design,https://boards.greenhouse.io/block,bcorp,bcorp,greenhouse,block,global,https://boards.greenhouse.io/block
Blue Zoo Productions Ltd,https://careers.smartrecruiters.com/bluezooproductions,bcorp,bcorp,smartrecruiters,bluezooproductions,global,https://careers.smartrecruiters.com/bluezooproductions
Blueland,https://jobs.lever.co/blueland,bcorp,bcorp,lever,blueland,global,https://jobs.lever.co/blueland
Bold Bean Co,https://boards.greenhouse.io/bold,bcorp,bcorp,greenhouse,bold,global,https://boards.greenhouse.io/bold
Boys & Girls Clubs of America,https://careers.smartrecruiters.com/boysgirlsclubsofamerica,mission,mission_filter,smartrecruiters,boysgirlsclubsofamerica,global,https://careers.smartrecruiters.com/boysgirlsclubsofamerica
Brave & Heart,https://boards.greenhouse.io/brave,bcorp,bcorp,greenhouse,brave,global,https://boards.greenhouse.io/brave
Bulgaria Animal Ask,https://boards.greenhouse.io/bulgaria,effective_altruism,ea_funds,greenhouse,bulgaria,global,https://boards.greenhouse.io/bulgaria
ButcherBox,https://jobs.lever.co/butcherbox,bcorp,bcorp,lever,butcherbox,global,https://jobs.lever.co/butcherbox
Butternut Box,https://boards.greenhouse.io/butternutbox,bcorp,bcorp,greenhouse,butternutbox,global,https://boards.greenhouse.io/butternutbox
Canopy,https://canopy.bamboohr.com/careers,eu_mission_tech,eu_mission_tech,bamboohr,canopy,global,https://canopy.bamboohr.com/careers
Carbon Direct,https://boards.greenhouse.io/carbondirect,mission,mission_filter,greenhouse,carbondirect,global,https://boards.greenhouse.io/carbondirect
Casebook PBC,https://careers.smartrecruiters.com/casebookpbc,bcorp,bcorp,smartrecruiters,casebookpbc,global,https://careers.smartrecruiters.com/casebookpbc
CDC Foundation,https://jobs.lever.co/cdcfoundation,global_health,coefficient+gates,lever,cdcfoundation,global,https://jobs.lever.co/cdcfoundation
Centre for Effective Altruism,https://jobs.ashbyhq.com/centreforeffectivealtruism,eu_mission_tech,eu_mission_tech,ashby,centreforeffectivealtruism,global,https://jobs.ashbyhq.com/centreforeffectivealtruism
CERN,https://careers.smartrecruiters.com/cern,eu_mission_tech,eu_mission_tech,smartrecruiters,cern,global,https://careers.smartrecruiters.com/cern
Charm Industrial,https://jobs.lever.co/charmindustrial,mission,mission_filter,lever,charmindustrial,global,https://jobs.lever.co/charmindustrial
Circ,https://boards.greenhouse.io/circ,bcorp,bcorp,greenhouse,circ,global,https://boards.greenhouse.io/circ
Circle Economy,https://circle-economy.jobs.personio.de/,eu_mission_tech,eu_mission_tech,personio,circle-economy,global,https://circle-economy.jobs.personio.de/
Civitech,https://jobs.lever.co/civitech,bcorp,bcorp,lever,civitech,global,https://jobs.lever.co/civitech
Clearpoint Recycling Ltd,https://jobs.lever.co/clearpoint,bcorp,bcorp,lever,clearpoint,global,https://jobs.lever.co/clearpoint
ClientEarth,https://clientearth.jobs.personio.de/,eu_mission_tech,eu_mission_tech,personio,clientearth,global,https://clientearth.jobs.personio.de/
Climate TRACE,https://climate.jobs.personio.de/,eu_mission_tech,eu_mission_tech,personio,climate,global,https://climate.jobs.personio.de/
Climate X,https://boards.greenhouse.io/climatex,bcorp,bcorp,greenhouse,climatex,global,https://boards.greenhouse.io/climatex
ClimatePartner,https://climatepartner-gmbh.jobs.personio.de/,eu_mission_tech,eu_mission_tech,personio,climatepartner-gmbh,global,https://climatepartner-gmbh.jobs.personio.de/
Clover Health,https://boards.greenhouse.io/cloverhealth,mission,mission_filter,greenhouse,cloverhealth,global,https://boards.greenhouse.io/cloverhealth
Co: Collective,https://jobs.lever.co/cocollective,bcorp,bcorp,lever,cocollective,global,https://jobs.lever.co/cocollective
Code for America,https://boards.greenhouse.io/codeforamerica,mission,mission_filter,greenhouse,codeforamerica,global,https://boards.greenhouse.io/codeforamerica
Code.org,https://boards.greenhouse.io/codeorg,mission,mission_filter,greenhouse,codeorg,global,https://boards.greenhouse.io/codeorg
Coefficient Giving,https://jobs.ashbyhq.com/coefficientgiving,eu_mission_tech,eu_mission_tech,ashby,coefficientgiving,global,https://jobs.ashbyhq.com/coefficientgiving
Community Development Partners,https://boards.greenhouse.io/community,bcorp,bcorp,greenhouse,community,global,https://boards.greenhouse.io/community
Concentric Policies,https://boards.greenhouse.io/concentric,mission,mission_filter,greenhouse,concentric,global,https://boards.greenhouse.io/concentric
Convergent Research,https://jobs.lever.co/convergentresearch,biosecurity,coefficient+sff,lever,convergentresearch,global,https://jobs.lever.co/convergentresearch
Culture Amp,https://boards.greenhouse.io/cultureamp,bcorp,bcorp,greenhouse,cultureamp,global,https://boards.greenhouse.io/cultureamp
DataKind UK,https://boards.greenhouse.io/datakindinc,eu_mission_tech,eu_mission_tech,greenhouse,datakindinc,global,https://boards.greenhouse.io/datakindinc
Denver Research Institute,https://boards.greenhouse.io/denver,global_health,gates,greenhouse,denver,global,https://boards.greenhouse.io/denver
Digital Divide Data,https://careers.smartrecruiters.com/digitaldividedata,mission,mission_filter,smartrecruiters,digitaldividedata,global,https://careers.smartrecruiters.com/digitaldividedata
Dimagi,https://boards.greenhouse.io/dimagi,global_health,gates,greenhouse,dimagi,global,https://boards.greenhouse.io/dimagi
Dots Eco Ltd,https://boards.greenhouse.io/dots,bcorp,bcorp,greenhouse,dots,global,https://boards.greenhouse.io/dots
ECFR,https://ecfr.jobs.personio.de/,eu_mission_tech,eu_mission_tech,personio,ecfr,global,https://ecfr.jobs.personio.de/
EcoVadis,https://careers.smartrecruiters.com/ecovadis,mission,mission_filter,smartrecruiters,ecovadis,global,https://careers.smartrecruiters.com/ecovadis
Ecoworks,https://boards.greenhouse.io/ecoworks,bcorp,bcorp,greenhouse,ecoworks,global,https://boards.greenhouse.io/ecoworks
EDRi,https://edri.jobs.personio.de/,eu_mission_tech,eu_mission_tech,personio,edri,global,https://edri.jobs.personio.de/
Educate!,https://boards.greenhouse.io/educate,mission,mission_filter,greenhouse,educate,global,https://boards.greenhouse.io/educate
Ember,https://ember.recruitee.com/,eu_mission_tech,eu_mission_tech,recruitee,ember,global,https://ember.recruitee.com/
Encore Environment Ltd,https://boards.greenhouse.io/encore,bcorp,bcorp,greenhouse,encore,global,https://boards.greenhouse.io/encore
Encore Renewable Energy,https://jobs.lever.co/encore-renewable-energy,bcorp,bcorp,lever,encore-renewable-energy,global,https://jobs.lever.co/encore-renewable-energy
Energy Vault,https://jobs.lever.co/EnergyVault,mission,mission_filter,lever,EnergyVault,global,https://jobs.lever.co/EnergyVault
Engineers Without Borders USA,https://careers.smartrecruiters.com/engineerswithoutbordersusa,research,coefficient,smartrecruiters,engineerswithoutbordersusa,global,https://careers.smartrecruiters.com/engineerswithoutbordersusa
Enterprise Ireland,https://enterprise.recruitee.com/,eu_mission_tech,eu_mission_tech,recruitee,enterprise,global,https://enterprise.recruitee.com/
Epicentre,https://careers.smartrecruiters.com/epicentre,global_health,gates,smartrecruiters,epicentre,global,https://careers.smartrecruiters.com/epicentre
"Evermore Pet Food, Inc.",https://boards.greenhouse.io/evermore,bcorp,bcorp,greenhouse,evermore,global,https://boards.greenhouse.io/evermore
Fairphone,https://fairphone.jobs.personio.de/,eu_mission_tech,eu_mission_tech,personio,fairphone,global,https://fairphone.jobs.personio.de/
FAR AI,https://jobs.lever.co/far-ai,mission,mission_filter,lever,far-ai,global,https://jobs.lever.co/far-ai
Firsthand Foods,https://boards.greenhouse.io/firsthand,bcorp,bcorp,greenhouse,firsthand,global,https://boards.greenhouse.io/firsthand
Flashfood Inc.,https://boards.greenhouse.io/flashfood,bcorp,bcorp,greenhouse,flashfood,global,https://boards.greenhouse.io/flashfood
Flatiron Energy,https://boards.greenhouse.io/flatironenergy,bcorp,bcorp,greenhouse,flatironenergy,global,https://boards.greenhouse.io/flatironenergy
Flatiron Health,https://boards.greenhouse.io/flatironhealth,mission,mission_filter,greenhouse,flatironhealth,global,https://boards.greenhouse.io/flatironhealth
Found B.V.,https://boards.greenhouse.io/found,bcorp,bcorp,greenhouse,found,global,https://boards.greenhouse.io/found
Foundry,https://boards.greenhouse.io/foundry,bcorp,bcorp,greenhouse,foundry,global,https://boards.greenhouse.io/foundry
Future Arc,https://boards.greenhouse.io/future,bcorp,bcorp,greenhouse,future,global,https://boards.greenhouse.io/future
Future of Life Institute,https://jobs.lever.co/futureof-life,mission,mission_filter,lever,futureof-life,global,https://jobs.lever.co/futureof-life
Gensyn,https://boards.greenhouse.io/gensyn,mission,mission_filter,greenhouse,gensyn,global,https://boards.greenhouse.io/gensyn
Genuine Health,https://jobs.lever.co/genuinehealth,bcorp,bcorp,lever,genuinehealth,global,https://jobs.lever.co/genuinehealth
Ginkgo Bioworks,https://boards.greenhouse.io/ginkgobioworks,global_health,gates,greenhouse,ginkgobioworks,global,https://boards.greenhouse.io/ginkgobioworks
GiveDirectly,https://boards.greenhouse.io/givedirectly,eu_mission_tech,eu_mission_tech,greenhouse,givedirectly,global,https://boards.greenhouse.io/givedirectly
GiveWell,https://boards.greenhouse.io/givewell,effective_altruism,gwwc,greenhouse,givewell,global,https://boards.greenhouse.io/givewell
Goal 17 Media,https://boards.greenhouse.io/goal,global_health,gates,greenhouse,goal,global,https://boards.greenhouse.io/goal
Goodr,https://boards.greenhouse.io/goodr,bcorp,bcorp,greenhouse,goodr,global,https://boards.greenhouse.io/goodr
GovTech Polska,https://govtech.jobs.personio.de/,eu_mission_tech,eu_mission_tech,personio,govtech,global,https://govtech.jobs.personio.de/
Greenpeace,https://boards.greenhouse.io/greenpeace,mission,mission_filter,greenhouse,greenpeace,global,https://boards.greenhouse.io/greenpeace
Grin Holdings Limited,https://boards.greenhouse.io/grin,bcorp,bcorp,greenhouse,grin,global,https://boards.greenhouse.io/grin
Gropyus,https://boards.greenhouse.io/gropyus,mission,mission_filter,greenhouse,gropyus,global,https://boards.greenhouse.io/gropyus
Grove Collaborative,https://boards.greenhouse.io/grovecollaborative,bcorp,bcorp,greenhouse,grovecollaborative,global,https://boards.greenhouse.io/grovecollaborative
Halcyon Development Partners,https://boards.greenhouse.io/halcyon,bcorp,bcorp,greenhouse,halcyon,global,https://boards.greenhouse.io/halcyon
Harmony Projects,https://jobs.lever.co/harmony,bcorp,bcorp,lever,harmony,global,https://jobs.lever.co/harmony
Hawthorne Foods,https://careers.smartrecruiters.com/hawthorne,bcorp,bcorp,smartrecruiters,hawthorne,global,https://careers.smartrecruiters.com/hawthorne
"Hexagon Bio, Inc.",https://boards.greenhouse.io/hexagonbio,global_health,gates,greenhouse,hexagonbio,global,https://boards.greenhouse.io/hexagonbio
Hive Cleaning,https://boards.greenhouse.io/hive,animal_welfare,coefficient,greenhouse,hive,global,https://boards.greenhouse.io/hive
Honeycomb Strategies,https://boards.greenhouse.io/honeycomb,bcorp,bcorp,greenhouse,honeycomb,global,https://boards.greenhouse.io/honeycomb
Human Rights Watch,https://boards.greenhouse.io/humanrightswatch,eu_mission_tech,eu_mission_tech,greenhouse,humanrightswatch,global,https://boards.greenhouse.io/humanrightswatch
Idealist Consulting,https://jobs.lever.co/idealistconsulting,bcorp,bcorp,lever,idealistconsulting,global,https://jobs.lever.co/idealistconsulting
IDinsight,https://idinsight.bamboohr.com/careers,eu_mission_tech,eu_mission_tech,bamboohr,idinsight,global,https://idinsight.bamboohr.com/careers
IMPACT Initiatives,https://boards.greenhouse.io/impact,eu_mission_tech,eu_mission_tech,greenhouse,impact,global,https://boards.greenhouse.io/impact
Indigo Ag,https://boards.greenhouse.io/indigo,mission,mission_filter,greenhouse,indigo,global,https://boards.greenhouse.io/indigo
Innovation Norway,https://innovation.bamboohr.com/careers,eu_mission_tech,eu_mission_tech,bamboohr,innovation,global,https://innovation.bamboohr.com/careers
International Committee of the Red Cross,https://careers.smartrecruiters.com/internationalcommitteeoftheredcross,mission,mission_filter,smartrecruiters,internationalcommitteeoftheredcross,global,https://careers.smartrecruiters.com/internationalcommitteeoftheredcross
Internet Society,https://internetsociety.bamboohr.com/careers,eu_mission_tech,eu_mission_tech,bamboohr,internetsociety,global,https://internetsociety.bamboohr.com/careers
Japan Coalition of African Animal Welfare Organizations,https://boards.greenhouse.io/japan,effective_altruism,ea_funds,greenhouse,japan,global,https://boards.greenhouse.io/japan
Journey Costa Rica LLC,https://boards.greenhouse.io/journey,bcorp,bcorp,greenhouse,journey,global,https://boards.greenhouse.io/journey
Jumo World Holding Limited,https://boards.greenhouse.io/jumo,bcorp,bcorp,greenhouse,jumo,global,https://boards.greenhouse.io/jumo
Khan Academy,https://boards.greenhouse.io/khanacademy,mission,mission_filter,greenhouse,khanacademy,global,https://boards.greenhouse.io/khanacademy
Known Impact,https://boards.greenhouse.io/known,bcorp,bcorp,greenhouse,known,global,https://boards.greenhouse.io/known
Koch Institute for Integrative Cancer Research,https://boards.greenhouse.io/koch,global_health,coefficient,greenhouse,koch,global,https://boards.greenhouse.io/koch
Lake Flato Architects,https://careers.smartrecruiters.com/lakeflatoarchitects,bcorp,bcorp,smartrecruiters,lakeflatoarchitects,global,https://careers.smartrecruiters.com/lakeflatoarchitects
Lila Sciences,https://boards.greenhouse.io/lilasciences,mission,mission_filter,greenhouse,lilasciences,global,https://boards.greenhouse.io/lilasciences
LINK PBC,https://boards.greenhouse.io/link,bcorp,bcorp,greenhouse,link,global,https://boards.greenhouse.io/link
Living Carbon,https://jobs.lever.co/livingcarbon,mission,mission_filter,lever,livingcarbon,global,https://jobs.lever.co/livingcarbon
Lumen Bioscience,https://boards.greenhouse.io/lumenbioscience,global_health,gates,greenhouse,lumenbioscience,global,https://boards.greenhouse.io/lumenbioscience
Lush,https://boards.greenhouse.io/lush,mission,mission_filter,greenhouse,lush,global,https://boards.greenhouse.io/lush
Make Limited,https://boards.greenhouse.io/make,bcorp,bcorp,greenhouse,make,global,https://boards.greenhouse.io/make
Malengo,https://careers.smartrecruiters.com/malengo,mission,mission_filter,smartrecruiters,malengo,global,https://careers.smartrecruiters.com/malengo
Manifest,https://boards.greenhouse.io/manifest,bcorp,bcorp,greenhouse,manifest,global,https://boards.greenhouse.io/manifest
Mapbox,https://jobs.ashbyhq.com/Mapbox,eu_mission_tech,eu_mission_tech,ashby,Mapbox,global,https://jobs.ashbyhq.com/Mapbox
MAST Architects,https://boards.greenhouse.io/mast,bcorp,bcorp,greenhouse,mast,global,https://boards.greenhouse.io/mast
Material Economics,https://jobs.ashbyhq.com/material,eu_mission_tech,eu_mission_tech,ashby,material,global,https://jobs.ashbyhq.com/material
Mercy for Animals,https://boards.greenhouse.io/mercyforanimals,mission,mission_filter,greenhouse,mercyforanimals,global,https://boards.greenhouse.io/mercyforanimals
Mesh Energy Ltd,https://boards.greenhouse.io/mesh,bcorp,bcorp,greenhouse,mesh,global,https://boards.greenhouse.io/mesh
Method Products,https://boards.greenhouse.io/method,bcorp,bcorp,greenhouse,method,global,https://boards.greenhouse.io/method
microDON,https://careers.smartrecruiters.com/microdon,bcorp,bcorp,smartrecruiters,microdon,global,https://careers.smartrecruiters.com/microdon
Mindful & Good,https://jobs.lever.co/mindful,bcorp,bcorp,lever,mindful,global,https://jobs.lever.co/mindful
Minimal Gear LLC,https://boards.greenhouse.io/minimal,bcorp,bcorp,greenhouse,minimal,global,https://boards.greenhouse.io/minimal
Modo Energy Limited,https://boards.greenhouse.io/modoenergy,bcorp,bcorp,greenhouse,modoenergy,global,https://boards.greenhouse.io/modoenergy
Monks,https://boards.greenhouse.io/monks,bcorp,bcorp,greenhouse,monks,global,https://boards.greenhouse.io/monks
Mozilla Foundation,https://boards.greenhouse.io/mozilla,mission,mission_filter,greenhouse,mozilla,global,https://boards.greenhouse.io/mozilla
Navitas Organics,https://careers.smartrecruiters.com/navitas,bcorp,bcorp,smartrecruiters,navitas,global,https://careers.smartrecruiters.com/navitas
Next Sense,https://careers.smartrecruiters.com/nextsense,bcorp,bcorp,smartrecruiters,nextsense,global,https://careers.smartrecruiters.com/nextsense
Nice and Serious,https://boards.greenhouse.io/nice,xrisk,coefficient,greenhouse,nice,global,https://boards.greenhouse.io/nice
NINE,https://careers.smartrecruiters.com/nine,bcorp,bcorp,smartrecruiters,nine,global,https://careers.smartrecruiters.com/nine
NOMAD EDUCATION,https://careers.smartrecruiters.com/nomadeducation,bcorp,bcorp,smartrecruiters,nomadeducation,global,https://careers.smartrecruiters.com/nomadeducation
Normative,https://normative.bamboohr.com/careers,eu_mission_tech,eu_mission_tech,bamboohr,normative,global,https://normative.bamboohr.com/careers
OECD,https://careers.smartrecruiters.com/oecd,eu_mission_tech,eu_mission_tech,smartrecruiters,oecd,global,https://careers.smartrecruiters.com/oecd
Olio,https://olio.jobs.personio.de/,eu_mission_tech,eu_mission_tech,personio,olio,global,https://olio.jobs.personio.de/
OLIPOP,https://boards.greenhouse.io/olipop,bcorp,bcorp,greenhouse,olipop,global,https://boards.greenhouse.io/olipop
OLLY PBC,https://boards.greenhouse.io/olly,bcorp,bcorp,greenhouse,olly,global,https://boards.greenhouse.io/olly
One Acre Fund,https://boards.greenhouse.io/oneacrefund,mission,mission_filter,greenhouse,oneacrefund,global,https://boards.greenhouse.io/oneacrefund
Orderly,https://boards.greenhouse.io/orderly,bcorp,bcorp,greenhouse,orderly,global,https://boards.greenhouse.io/orderly
"Orijin, PBC",https://jobs.lever.co/orijin,bcorp,bcorp,lever,orijin,global,https://jobs.lever.co/orijin
Ouihelp,https://boards.greenhouse.io/ouihelp,bcorp,bcorp,greenhouse,ouihelp,global,https://boards.greenhouse.io/ouihelp
Outrider Foundation,https://boards.greenhouse.io/outrider,mission,mission_filter,greenhouse,outrider,global,https://boards.greenhouse.io/outrider
Payactiv,https://jobs.lever.co/payactiv,bcorp,bcorp,lever,payactiv,global,https://jobs.lever.co/payactiv
PEAK DESIGN,https://boards.greenhouse.io/peakdesign,bcorp,bcorp,greenhouse,peakdesign,global,https://boards.greenhouse.io/peakdesign
"Pivot Bio, Inc",https://boards.greenhouse.io/pivotbio,global_health,gates,greenhouse,pivotbio,global,https://boards.greenhouse.io/pivotbio
Pivot Energy,https://jobs.lever.co/pivotenergy,bcorp,bcorp,lever,pivotenergy,global,https://jobs.lever.co/pivotenergy
Plan A,https://plana.bamboohr.com/careers,eu_mission_tech,eu_mission_tech,bamboohr,plana,global,https://plana.bamboohr.com/careers
Plan International,https://plan-international.jobs.personio.de/,eu_mission_tech,eu_mission_tech,personio,plan-international,global,https://plan-international.jobs.personio.de/
Planet Labs,https://boards.greenhouse.io/planetlabs,mission,mission_filter,greenhouse,planetlabs,global,https://boards.greenhouse.io/planetlabs
PosiGen,https://careers.smartrecruiters.com/posigen,bcorp,bcorp,smartrecruiters,posigen,global,https://careers.smartrecruiters.com/posigen
Private Public Limited (PPL),https://boards.greenhouse.io/private,bcorp,bcorp,greenhouse,private,global,https://boards.greenhouse.io/private
Pulse,https://boards.greenhouse.io/pulse,bcorp,bcorp,greenhouse,pulse,global,https://boards.greenhouse.io/pulse
Quantium Health South Africa,https://boards.greenhouse.io/quantium,global_health,gates,greenhouse,quantium,global,https://boards.greenhouse.io/quantium
Rainforest Alliance,https://rainforest.bamboohr.com/careers,eu_mission_tech,eu_mission_tech,bamboohr,rainforest,global,https://rainforest.bamboohr.com/careers
Recursion Pharmaceuticals,https://boards.greenhouse.io/recursionpharmaceuticals,mission,mission_filter,greenhouse,recursionpharmaceuticals,global,https://boards.greenhouse.io/recursionpharmaceuticals
Refurbed Marketplace GmbH,https://boards.greenhouse.io/refurbed,bcorp,bcorp,greenhouse,refurbed,global,https://boards.greenhouse.io/refurbed
Resilience,https://boards.greenhouse.io/resilience,bcorp,bcorp,greenhouse,resilience,global,https://boards.greenhouse.io/resilience
Resonant Energy,https://boards.greenhouse.io/resonantenergy,bcorp,bcorp,greenhouse,resonantenergy,global,https://boards.greenhouse.io/resonantenergy
Rethink Priorities,https://careers.smartrecruiters.com/rethink,eu_mission_tech,eu_mission_tech,smartrecruiters,rethink,global,https://careers.smartrecruiters.com/rethink
Revel Architecture & Design,https://boards.greenhouse.io/revel,bcorp,bcorp,greenhouse,revel,global,https://boards.greenhouse.io/revel
"Ripple Foods, PBC",https://boards.greenhouse.io/ripple,bcorp,bcorp,greenhouse,ripple,global,https://boards.greenhouse.io/ripple
Rise,https://jobs.lever.co/rise,bcorp,bcorp,lever,rise,global,https://jobs.lever.co/rise
Ritual,https://boards.greenhouse.io/ritual,bcorp,bcorp,greenhouse,ritual,global,https://boards.greenhouse.io/ritual
Sapling Spirits,https://jobs.lever.co/sapling,bcorp,bcorp,lever,sapling,global,https://jobs.lever.co/sapling
Second Nature,https://careers.smartrecruiters.com/secondnature,mission,mission_filter,smartrecruiters,secondnature,global,https://careers.smartrecruiters.com/secondnature
Seed,https://boards.greenhouse.io/seed,bcorp,bcorp,greenhouse,seed,global,https://boards.greenhouse.io/seed
Seesaw Studio,https://boards.greenhouse.io/seesaw,bcorp,bcorp,greenhouse,seesaw,global,https://boards.greenhouse.io/seesaw
Sierra Club,https://careers.smartrecruiters.com/sierraclub,mission,mission_filter,smartrecruiters,sierraclub,global,https://careers.smartrecruiters.com/sierraclub
Social Nature,https://careers.smartrecruiters.com/socialnature,bcorp,bcorp,smartrecruiters,socialnature,global,https://careers.smartrecruiters.com/socialnature
Social Science Research Council,https://boards.greenhouse.io/socialscienceresearchcouncil,global_health,gates,greenhouse,socialscienceresearchcouncil,global,https://boards.greenhouse.io/socialscienceresearchcouncil
Stok,https://boards.greenhouse.io/stok,bcorp,bcorp,greenhouse,stok,global,https://boards.greenhouse.io/stok
Sustainment Technologies Inc,https://boards.greenhouse.io/sustainment,bcorp,bcorp,greenhouse,sustainment,global,https://boards.greenhouse.io/sustainment
Sweep,https://jobs.ashbyhq.com/sweep,eu_mission_tech,eu_mission_tech,ashby,sweep,global,https://jobs.ashbyhq.com/sweep
Sweetgreen,https://boards.greenhouse.io/sweetgreen,mission,mission_filter,greenhouse,sweetgreen,global,https://boards.greenhouse.io/sweetgreen
Swiss Tropical and Public Health Institute,https://careers.smartrecruiters.com/swisstropicalandpublichealthinstitute,mission,mission_filter,smartrecruiters,swisstropicalandpublichealthinstitute,global,https://careers.smartrecruiters.com/swisstropicalandpublichealthinstitute
Sylvera,https://jobs.ashbyhq.com/sylvera,eu_mission_tech,eu_mission_tech,ashby,sylvera,global,https://jobs.ashbyhq.com/sylvera
Systemiq Limited,https://boards.greenhouse.io/systemiq,bcorp,bcorp,greenhouse,systemiq,global,https://boards.greenhouse.io/systemiq
Tactical Tech,https://tactical-tech.jobs.personio.de/,eu_mission_tech,eu_mission_tech,personio,tactical-tech,global,https://tactical-tech.jobs.personio.de/
Tala,https://jobs.lever.co/tala,bcorp,bcorp,lever,tala,global,https://jobs.lever.co/tala
TapTap Giving Ltd,https://careers.smartrecruiters.com/taptap,bcorp,bcorp,smartrecruiters,taptap,global,https://careers.smartrecruiters.com/taptap
Teachstone,https://boards.greenhouse.io/teachstone,bcorp,bcorp,greenhouse,teachstone,global,https://boards.greenhouse.io/teachstone
Textile Exchange,https://careers.smartrecruiters.com/textileexchange,eu_mission_tech,eu_mission_tech,smartrecruiters,textileexchange,global,https://careers.smartrecruiters.com/textileexchange
The Decision Lab,https://careers.smartrecruiters.com/thedecisionlab,mission,mission_filter,smartrecruiters,thedecisionlab,global,https://careers.smartrecruiters.com/thedecisionlab
Thrive Market,https://boards.greenhouse.io/thrivemarket,mission,mission_filter,greenhouse,thrivemarket,global,https://boards.greenhouse.io/thrivemarket
Tide Risers Limited,https://boards.greenhouse.io/tide,bcorp,bcorp,greenhouse,tide,global,https://boards.greenhouse.io/tide
Tomorrow GmbH,https://boards.greenhouse.io/tomorrow,bcorp,bcorp,greenhouse,tomorrow,global,https://boards.greenhouse.io/tomorrow
Too Good To Go,https://boards.greenhouse.io/toogoodtogo,eu_mission_tech,eu_mission_tech,greenhouse,toogoodtogo,global,https://boards.greenhouse.io/toogoodtogo
Trove,https://boards.greenhouse.io/trove,bcorp,bcorp,greenhouse,trove,global,https://boards.greenhouse.io/trove
UNESCO,https://unesco.jobs.personio.de/,eu_mission_tech,eu_mission_tech,personio,unesco,global,https://unesco.jobs.personio.de/
Unlimit Health,https://jobs.lever.co/unlimit,global_health,gates,lever,unlimit,global,https://jobs.lever.co/unlimit
VentureWell,https://boards.greenhouse.io/venturewell,global_health,gates,greenhouse,venturewell,global,https://boards.greenhouse.io/venturewell
Verve,https://boards.greenhouse.io/verve,bcorp,bcorp,greenhouse,verve,global,https://boards.greenhouse.io/verve
Vizzuality,https://vizzuality.bamboohr.com/careers,eu_mission_tech,eu_mission_tech,bamboohr,vizzuality,global,https://vizzuality.bamboohr.com/careers
Voltus,https://jobs.lever.co/voltus,mission,mission_filter,lever,voltus,global,https://jobs.lever.co/voltus
Watershed,https://jobs.ashbyhq.com/Watershed,eu_mission_tech,eu_mission_tech,ashby,Watershed,global,https://jobs.ashbyhq.com/Watershed
Wellcome Trust,https://wellcome.bamboohr.com/careers,eu_mission_tech,eu_mission_tech,bamboohr,wellcome,global,https://wellcome.bamboohr.com/careers
Who Gives A Crap,https://boards.greenhouse.io/whogivesacrap,mission,mission_filter,greenhouse,whogivesacrap,global,https://boards.greenhouse.io/whogivesacrap
Wikimedia Deutschland,https://boards.greenhouse.io/wikimedia,mission,mission_filter,greenhouse,wikimedia,global,https://boards.greenhouse.io/wikimedia
Winrock International,https://boards.greenhouse.io/winrock,mission,mission_filter,greenhouse,winrock,global,https://boards.greenhouse.io/winrock
"Workshop Architects, Inc.",https://boards.greenhouse.io/workshop,bcorp,bcorp,greenhouse,workshop,global,https://boards.greenhouse.io/workshop
World Animal Protection,https://careers.smartrecruiters.com/worldanimalprotection,animal_welfare,coefficient,smartrecruiters,worldanimalprotection,global,https://careers.smartrecruiters.com/worldanimalprotection
World Vision,https://worldvision.bamboohr.com/careers,eu_mission_tech,eu_mission_tech,bamboohr,worldvision,global,https://worldvision.bamboohr.com/careers
"XP Health, Inc.",https://boards.greenhouse.io/xphealth,bcorp,bcorp,greenhouse,xphealth,global,https://boards.greenhouse.io/xphealth
